{
	"info": {
		"_postman_id": "e9a39e10-c9e7-4e97-aea0-18f53a973978",
		"name": "Session_Collection",
		"schema": "https://schema.getpostman.com/json/collection/v2.1.0/collection.json"
	},
	"item": [
		{
			"name": "POST",
			"request": {
				"method": "POST",
				"header": [],
				"url": {
					"raw": "http://localhost:8080/login?username=05&password=05",
					"protocol": "http",
					"host": [
						"localhost"
					],
					"port": "8080",
					"path": [
						"login"
					],
					"query": [
						{
							"key": "username",
							"value": "05"
						},
						{
							"key": "password",
							"value": "05"
						},
						{
							"key": null,
							"value": null
						}
					]
				}
			},
			"response": []
		},
		{
			"name": "POST",
			"request": {
				"method": "GET",
				"header": [],
				"url": {
					"raw": "http://localhost:8080/logout",
					"protocol": "http",
					"host": [
						"localhost"
					],
					"port": "8080",
					"path": [
						"logout"
					]
				}
			},
			"response": []
		}
	],
	"protocolProfileBehavior": {}
}